__time,/dwm1001/id_458E/pose_kf/header/seq,/dwm1001/id_458E/pose_kf/header/stamp,/dwm1001/id_458E/pose_kf/pose/orientation/pitch_deg,/dwm1001/id_458E/pose_kf/pose/orientation/roll_deg,/dwm1001/id_458E/pose_kf/pose/orientation/w,/dwm1001/id_458E/pose_kf/pose/orientation/x,/dwm1001/id_458E/pose_kf/pose/orientation/y,/dwm1001/id_458E/pose_kf/pose/orientation/yaw_deg,/dwm1001/id_458E/pose_kf/pose/orientation/z,/dwm1001/id_458E/pose_kf/pose/position/x,/dwm1001/id_458E/pose_kf/pose/position/y,/dwm1001/id_458E/pose_kf/pose/position/z
1649346600.633557,25142.000000,1649346600.632822,0.000000,0.000000,1.000000,0.000000,0.000000,0.000000,0.000000,7.846134,5.135541,-0.690801
1649346600.733783,25143.000000,1649346600.733266,0.000000,0.000000,1.000000,0.000000,0.000000,0.000000,0.000000,7.846862,5.135107,-0.699174
1649346600.833982,25144.000000,1649346600.833349,0.000000,0.000000,1.000000,0.000000,0.000000,0.000000,0.000000,7.847531,5.134689,-0.703146
1649346600.933083,25145.000000,1649346600.932601,0.000000,0.000000,1.000000,0.000000,0.000000,0.000000,0.000000,7.848143,5.135378,-0.703698
1649346601.033748,25146.000000,1649346601.032931,0.000000,0.000000,1.000000,0.000000,0.000000,0.000000,0.000000,7.847609,5.136020,-0.701773
1649346601.132881,25147.000000,1649346601.132206,0.000000,0.000000,1.000000,0.000000,0.000000,0.000000,0.000000,7.847086,5.136618,-0.697476
1649346601.239225,25148.000000,1649346601.238555,0.000000,0.000000,1.000000,0.000000,0.000000,0.000000,0.000000,7.846575,5.137171,-0.696557
1649346601.333614,25149.000000,1649346601.332844,0.000000,0.000000,1.000000,0.000000,0.000000,0.000000,0.000000,7.846078,5.137682,-0.699688
1649346601.435147,25150.000000,1649346601.434360,0.000000,0.000000,1.000000,0.000000,0.000000,0.000000,0.000000,7.843417,5.139242,-0.694604
1649346601.533643,25151.000000,1649346601.533265,0.000000,0.000000,1.000000,0.000000,0.000000,0.000000,0.000000,7.840898,5.140700,-0.684067
1649346601.632958,25152.000000,1649346601.632472,0.000000,0.000000,1.000000,0.000000,0.000000,0.000000,0.000000,7.838523,5.139877,-0.682023
1649346601.733598,25153.000000,1649346601.733248,0.000000,0.000000,1.000000,0.000000,0.000000,0.000000,0.000000,7.837380,5.137991,-0.696198
1649346601.834933,25154.000000,1649346601.834172,0.000000,0.000000,1.000000,0.000000,0.000000,0.000000,0.000000,7.836315,5.137287,-0.701721
1649346601.937782,25155.000000,1649346601.937146,0.000000,0.000000,1.000000,0.000000,0.000000,0.000000,0.000000,7.835327,5.136615,-0.709416
1649346602.035826,25156.000000,1649346602.035463,0.000000,0.000000,1.000000,0.000000,0.000000,0.000000,0.000000,7.835504,5.135974,-0.718376
1649346602.132785,25157.000000,1649346602.132337,0.000000,0.000000,1.000000,0.000000,0.000000,0.000000,0.000000,7.835689,5.135366,-0.719666
1649346602.233702,25158.000000,1649346602.233211,0.000000,0.000000,1.000000,0.000000,0.000000,0.000000,0.000000,7.834791,5.134790,-0.719240
1649346602.335491,25159.000000,1649346602.334528,0.000000,0.000000,1.000000,0.000000,0.000000,0.000000,0.000000,7.833961,5.133156,-0.722816
1649346602.436496,25160.000000,1649346602.436057,0.000000,0.000000,1.000000,0.000000,0.000000,0.000000,0.000000,7.833196,5.130527,-0.727808
1649346602.541067,25161.000000,1649346602.540110,0.000000,0.000000,1.000000,0.000000,0.000000,0.000000,0.000000,7.832495,5.129146,-0.733347
1649346602.635909,25162.000000,1649346602.635305,0.000000,0.000000,1.000000,0.000000,0.000000,0.000000,0.000000,7.831854,5.127859,-0.731340
1649346602.736534,25163.000000,1649346602.735715,0.000000,0.000000,1.000000,0.000000,0.000000,0.000000,0.000000,7.831272,5.128843,-0.719677
1649346602.834626,25164.000000,1649346602.833604,0.000000,0.000000,1.000000,0.000000,0.000000,0.000000,0.000000,7.830745,5.129789,-0.704414
1649346602.935010,25165.000000,1649346602.934187,0.000000,0.000000,1.000000,0.000000,0.000000,0.000000,0.000000,7.830271,5.131788,-0.692984
1649346603.032617,25166.000000,1649346603.032352,0.000000,0.000000,1.000000,0.000000,0.000000,0.000000,0.000000,7.829847,5.133683,-0.682024
1649346603.134246,25167.000000,1649346603.133534,0.000000,0.000000,1.000000,0.000000,0.000000,0.000000,0.000000,7.829470,5.135474,-0.677986
1649346603.232244,25168.000000,1649346603.232020,0.000000,0.000000,1.000000,0.000000,0.000000,0.000000,0.000000,7.829137,5.137161,-0.676564
1649346603.335007,25169.000000,1649346603.334549,0.000000,0.000000,1.000000,0.000000,0.000000,0.000000,0.000000,7.829937,5.137654,-0.674429
1649346603.433607,25170.000000,1649346603.432754,0.000000,0.000000,1.000000,0.000000,0.000000,0.000000,0.000000,7.830713,5.139199,-0.668384
1649346603.534406,25171.000000,1649346603.533844,0.000000,0.000000,1.000000,0.000000,0.000000,0.000000,0.000000,7.831462,5.139553,-0.671500
1649346603.633543,25172.000000,1649346603.633121,0.000000,0.000000,1.000000,0.000000,0.000000,0.000000,0.000000,7.831093,5.138781,-0.676142
1649346603.732848,25173.000000,1649346603.732532,0.000000,0.000000,1.000000,0.000000,0.000000,0.000000,0.000000,7.831848,5.138038,-0.683852
1649346603.832994,25174.000000,1649346603.832569,0.000000,0.000000,1.000000,0.000000,0.000000,0.000000,0.000000,7.832572,5.138415,-0.691266
1649346603.934732,25175.000000,1649346603.934187,0.000000,0.000000,1.000000,0.000000,0.000000,0.000000,0.000000,7.834354,5.138762,-0.698383
1649346604.033537,25176.000000,1649346604.033162,0.000000,0.000000,1.000000,0.000000,0.000000,0.000000,0.000000,7.834950,5.139078,-0.701170
1649346604.137323,25177.000000,1649346604.136756,0.000000,0.000000,1.000000,0.000000,0.000000,0.000000,0.000000,7.835513,5.138276,-0.701411
1649346604.233880,25178.000000,1649346604.233140,0.000000,0.000000,1.000000,0.000000,0.000000,0.000000,0.000000,7.836042,5.136418,-0.716950
1649346604.336290,25179.000000,1649346604.335212,0.000000,0.000000,1.000000,0.000000,0.000000,0.000000,0.000000,7.835449,5.135750,-0.727791
1649346604.436199,25180.000000,1649346604.435752,0.000000,0.000000,1.000000,0.000000,0.000000,0.000000,0.000000,7.833795,5.135119,-0.729267
1649346604.533771,25181.000000,1649346604.533199,0.000000,0.000000,1.000000,0.000000,0.000000,0.000000,0.000000,7.831144,5.134524,-0.725787
1649346604.633638,25182.000000,1649346604.632809,0.000000,0.000000,1.000000,0.000000,0.000000,0.000000,0.000000,7.828650,5.135056,-0.721593
1649346604.733308,25183.000000,1649346604.732803,0.000000,0.000000,1.000000,0.000000,0.000000,0.000000,0.000000,7.827400,5.134471,-0.720753
1649346604.833894,25184.000000,1649346604.832782,0.000000,0.000000,1.000000,0.000000,0.000000,0.000000,0.000000,7.827331,5.133921,-0.715879
1649346604.937119,25185.000000,1649346604.932357,0.000000,0.000000,1.000000,0.000000,0.000000,0.000000,0.000000,7.827286,5.133407,-0.727304
1649346605.033337,25186.000000,1649346605.032982,0.000000,0.000000,1.000000,0.000000,0.000000,0.000000,0.000000,7.827263,5.132928,-0.737417
1649346605.132981,25187.000000,1649346605.132794,0.000000,0.000000,1.000000,0.000000,0.000000,0.000000,0.000000,7.828350,5.132482,-0.747062
1649346605.235575,25188.000000,1649346605.234821,0.000000,0.000000,1.000000,0.000000,0.000000,0.000000,0.000000,7.829391,5.132069,-0.754631
1649346605.332440,25189.000000,1649346605.332157,0.000000,0.000000,1.000000,0.000000,0.000000,0.000000,0.000000,7.830386,5.130598,-0.770683
1649346605.432973,25190.000000,1649346605.432666,0.000000,0.000000,1.000000,0.000000,0.000000,0.000000,0.000000,7.830243,5.129220,-0.784367
1649346605.535030,25191.000000,1649346605.534261,0.000000,0.000000,1.000000,0.000000,0.000000,0.000000,0.000000,7.829023,5.129025,-0.790115
1649346605.634829,25192.000000,1649346605.633854,0.000000,0.000000,1.000000,0.000000,0.000000,0.000000,0.000000,7.827880,5.128858,-0.795501
1649346605.734835,25193.000000,1649346605.734612,0.000000,0.000000,1.000000,0.000000,0.000000,0.000000,0.000000,7.827902,5.127625,-0.802956
1649346605.832617,25194.000000,1649346605.832363,0.000000,0.000000,1.000000,0.000000,0.000000,0.000000,0.000000,7.827935,5.126479,-0.811581
1649346605.933186,25195.000000,1649346605.932750,0.000000,0.000000,1.000000,0.000000,0.000000,0.000000,0.000000,7.827977,5.124327,-0.818902
1649346606.034939,25196.000000,1649346606.034276,0.000000,0.000000,1.000000,0.000000,0.000000,0.000000,0.000000,7.829118,5.123410,-0.825773
1649346606.133149,25197.000000,1649346606.132596,0.000000,0.000000,1.000000,0.000000,0.000000,0.000000,0.000000,7.830203,5.121481,-0.829786
1649346606.232682,25198.000000,1649346606.232311,0.000000,0.000000,1.000000,0.000000,0.000000,0.000000,0.000000,7.831231,5.120780,-0.834282
1649346606.332766,25199.000000,1649346606.332505,0.000000,0.000000,1.000000,0.000000,0.000000,0.000000,0.000000,7.832202,5.121241,-0.831984
1649346606.432815,25200.000000,1649346606.432502,0.000000,0.000000,1.000000,0.000000,0.000000,0.000000,0.000000,7.833116,5.122798,-0.823981
1649346606.535148,25201.000000,1649346606.534423,0.000000,0.000000,1.000000,0.000000,0.000000,0.000000,0.000000,7.833974,5.124293,-0.816170
1649346606.633809,25202.000000,1649346606.633157,0.000000,0.000000,1.000000,0.000000,0.000000,0.000000,0.000000,7.833686,5.125723,-0.805336
1649346606.733653,25203.000000,1649346606.733133,0.000000,0.000000,1.000000,0.000000,0.000000,0.000000,0.000000,7.833407,5.125998,-0.799687
1649346606.836910,25204.000000,1649346606.836232,0.000000,0.000000,1.000000,0.000000,0.000000,0.000000,0.000000,7.834226,5.126267,-0.788544
1649346606.933476,25205.000000,1649346606.932934,0.000000,0.000000,1.000000,0.000000,0.000000,0.000000,0.000000,7.834993,5.126531,-0.782636
1649346607.032325,25206.000000,1649346607.032038,0.000000,0.000000,1.000000,0.000000,0.000000,0.000000,0.000000,7.834617,5.127878,-0.772085
1649346607.133127,25207.000000,1649346607.132709,0.000000,0.000000,1.000000,0.000000,0.000000,0.000000,0.000000,7.835344,5.129154,-0.757098
1649346607.235027,25208.000000,1649346607.234194,0.000000,0.000000,1.000000,0.000000,0.000000,0.000000,0.000000,7.834930,5.130360,-0.749171
1649346607.333244,25209.000000,1649346607.332910,0.000000,0.000000,1.000000,0.000000,0.000000,0.000000,0.000000,7.834530,5.130404,-0.746420
1649346607.432475,25210.000000,1649346607.432193,0.000000,0.000000,1.000000,0.000000,0.000000,0.000000,0.000000,7.834145,5.131532,-0.737350
1649346607.535075,25211.000000,1649346607.534083,0.000000,0.000000,1.000000,0.000000,0.000000,0.000000,0.000000,7.833777,5.132589,-0.727068
1649346607.632540,25212.000000,1649346607.632362,0.000000,0.000000,1.000000,0.000000,0.000000,0.000000,0.000000,7.833424,5.133578,-0.721285
1649346607.733814,25213.000000,1649346607.733105,0.000000,0.000000,1.000000,0.000000,0.000000,0.000000,0.000000,7.833089,5.134500,-0.710955
1649346607.835381,25214.000000,1649346607.834619,0.000000,0.000000,1.000000,0.000000,0.000000,0.000000,0.000000,7.831680,5.135356,-0.693052
1649346607.933187,25215.000000,1649346607.932777,0.000000,0.000000,1.000000,0.000000,0.000000,0.000000,0.000000,7.830352,5.135057,-0.684843
1649346608.033843,25216.000000,1649346608.033231,0.000000,0.000000,1.000000,0.000000,0.000000,0.000000,0.000000,7.830193,5.134759,-0.674657
1649346608.133470,25217.000000,1649346608.133051,0.000000,0.000000,1.000000,0.000000,0.000000,0.000000,0.000000,7.830051,5.134464,-0.672263
1649346608.237192,25218.000000,1649346608.236310,0.000000,0.000000,1.000000,0.000000,0.000000,0.000000,0.000000,7.829923,5.134172,-0.671702
1649346608.334607,25219.000000,1649346608.333856,0.000000,0.000000,1.000000,0.000000,0.000000,0.000000,0.000000,7.830901,5.133886,-0.676120
1649346608.438241,25220.000000,1649346608.437260,0.000000,0.000000,1.000000,0.000000,0.000000,0.000000,0.000000,7.831829,5.133607,-0.679660
1649346608.533181,25221.000000,1649346608.532665,0.000000,0.000000,1.000000,0.000000,0.000000,0.000000,0.000000,7.833798,5.134426,-0.674282
1649346608.633530,25222.000000,1649346608.632937,0.000000,0.000000,1.000000,0.000000,0.000000,0.000000,0.000000,7.835654,5.135191,-0.674060
1649346608.733847,25223.000000,1649346608.733140,0.000000,0.000000,1.000000,0.000000,0.000000,0.000000,0.000000,7.835217,5.135903,-0.673138
1649346608.832757,25224.000000,1649346608.832476,0.000000,0.000000,1.000000,0.000000,0.000000,0.000000,0.000000,7.835885,5.136563,-0.674767
1649346608.932889,25225.000000,1649346608.932443,0.000000,0.000000,1.000000,0.000000,0.000000,0.000000,0.000000,7.836507,5.137172,-0.681256
1649346609.032655,25226.000000,1649346609.032333,0.000000,0.000000,1.000000,0.000000,0.000000,0.000000,0.000000,7.837083,5.138823,-0.678686
1649346609.133958,25227.000000,1649346609.133181,0.000000,0.000000,1.000000,0.000000,0.000000,0.000000,0.000000,7.838704,5.139275,-0.692422
1649346609.232957,25228.000000,1649346609.232584,0.000000,0.000000,1.000000,0.000000,0.000000,0.000000,0.000000,7.839130,5.138591,-0.694363
1649346609.333767,25229.000000,1649346609.333194,0.000000,0.000000,1.000000,0.000000,0.000000,0.000000,0.000000,7.839514,5.139018,-0.692235
1649346609.433013,25230.000000,1649346609.432589,0.000000,0.000000,1.000000,0.000000,0.000000,0.000000,0.000000,7.838769,5.139404,-0.690238
1649346609.532467,25231.000000,1649346609.532175,0.000000,0.000000,1.000000,0.000000,0.000000,0.000000,0.000000,7.836960,5.139753,-0.686754
1649346609.634896,25232.000000,1649346609.633713,0.000000,0.000000,1.000000,0.000000,0.000000,0.000000,0.000000,7.835242,5.138974,-0.685073
1649346609.734076,25233.000000,1649346609.733486,0.000000,0.000000,1.000000,0.000000,0.000000,0.000000,0.000000,7.833615,5.139314,-0.680285
1649346609.834095,25234.000000,1649346609.833456,0.000000,0.000000,1.000000,0.000000,0.000000,0.000000,0.000000,7.832079,5.140712,-0.678972
1649346609.935343,25235.000000,1649346609.934825,0.000000,0.000000,1.000000,0.000000,0.000000,0.000000,0.000000,7.831726,5.142016,-0.676156
1649346610.033939,25236.000000,1649346610.033216,0.000000,0.000000,1.000000,0.000000,0.000000,0.000000,0.000000,7.831400,5.143228,-0.673511
1649346610.134602,25237.000000,1649346610.133845,0.000000,0.000000,1.000000,0.000000,0.000000,0.000000,0.000000,7.831101,5.144350,-0.673454
1649346610.233503,25238.000000,1649346610.233117,0.000000,0.000000,1.000000,0.000000,0.000000,0.000000,0.000000,7.830827,5.144295,-0.675071
1649346610.333758,25239.000000,1649346610.333239,0.000000,0.000000,1.000000,0.000000,0.000000,0.000000,0.000000,7.830579,5.143129,-0.679094
1649346610.432804,25240.000000,1649346610.432516,0.000000,0.000000,1.000000,0.000000,0.000000,0.000000,0.000000,7.831444,5.140917,-0.689452
1649346610.537263,25241.000000,1649346610.536511,0.000000,0.000000,1.000000,0.000000,0.000000,0.000000,0.000000,7.832268,5.138815,-0.701836
1649346610.633063,25242.000000,1649346610.632606,0.000000,0.000000,1.000000,0.000000,0.000000,0.000000,0.000000,7.833052,5.137913,-0.711304
1649346610.736073,25243.000000,1649346610.735184,0.000000,0.000000,1.000000,0.000000,0.000000,0.000000,0.000000,7.833793,5.135970,-0.717151
1649346610.834648,25244.000000,1649346610.834139,0.000000,0.000000,1.000000,0.000000,0.000000,0.000000,0.000000,7.835583,5.135229,-0.717095
1649346610.933859,25245.000000,1649346610.933543,0.000000,0.000000,1.000000,0.000000,0.000000,0.000000,0.000000,7.837269,5.134535,-0.716213
1649346611.034663,25246.000000,1649346611.033906,0.000000,0.000000,1.000000,0.000000,0.000000,0.000000,0.000000,7.838851,5.133889,-0.719379
1649346611.132835,25247.000000,1649346611.132532,0.000000,0.000000,1.000000,0.000000,0.000000,0.000000,0.000000,7.840331,5.134379,-0.715942
1649346611.232703,25248.000000,1649346611.232344,0.000000,0.000000,1.000000,0.000000,0.000000,0.000000,0.000000,7.841710,5.133760,-0.719884
1649346611.333863,25249.000000,1649346611.333340,0.000000,0.000000,1.000000,0.000000,0.000000,0.000000,0.000000,7.842991,5.134276,-0.717193
1649346611.432422,25250.000000,1649346611.432138,0.000000,0.000000,1.000000,0.000000,0.000000,0.000000,0.000000,7.843086,5.134772,-0.713787
1649346611.535110,25251.000000,1649346611.534515,0.000000,0.000000,1.000000,0.000000,0.000000,0.000000,0.000000,7.843151,5.136336,-0.712926
1649346611.634243,25252.000000,1649346611.633804,0.000000,0.000000,1.000000,0.000000,0.000000,0.000000,0.000000,7.842099,5.137817,-0.699187
1649346611.733069,25253.000000,1649346611.732605,0.000000,0.000000,1.000000,0.000000,0.000000,0.000000,0.000000,7.841086,5.140302,-0.689243
1649346611.833294,25254.000000,1649346611.832834,0.000000,0.000000,1.000000,0.000000,0.000000,0.000000,0.000000,7.840113,5.141551,-0.681343
1649346611.933291,25255.000000,1649346611.932657,0.000000,0.000000,1.000000,0.000000,0.000000,0.000000,0.000000,7.838092,5.142716,-0.671385
1649346612.033643,25256.000000,1649346612.033145,0.000000,0.000000,1.000000,0.000000,0.000000,0.000000,0.000000,7.836178,5.143800,-0.666725
1649346612.135513,25257.000000,1649346612.134828,0.000000,0.000000,1.000000,0.000000,0.000000,0.000000,0.000000,7.834371,5.144805,-0.655865
1649346612.238120,25258.000000,1649346612.237272,0.000000,0.000000,1.000000,0.000000,0.000000,0.000000,0.000000,7.832670,5.144643,-0.644715
1649346612.335290,25259.000000,1649346612.334400,0.000000,0.000000,1.000000,0.000000,0.000000,0.000000,0.000000,7.831075,5.142288,-0.646206
1649346612.432408,25260.000000,1649346612.432208,0.000000,0.000000,1.000000,0.000000,0.000000,0.000000,0.000000,7.830675,5.140050,-0.652565
1649346612.532929,25261.000000,1649346612.532559,0.000000,0.000000,1.000000,0.000000,0.000000,0.000000,0.000000,7.830314,5.139020,-0.657934
1649346612.636863,25262.000000,1649346612.635776,0.000000,0.000000,1.000000,0.000000,0.000000,0.000000,0.000000,7.829990,5.139136,-0.653471
1649346612.734047,25263.000000,1649346612.733468,0.000000,0.000000,1.000000,0.000000,0.000000,0.000000,0.000000,7.828611,5.139245,-0.642803
1649346612.833102,25264.000000,1649346612.832816,0.000000,0.000000,1.000000,0.000000,0.000000,0.000000,0.000000,7.828419,5.138256,-0.635066
1649346612.932825,25265.000000,1649346612.932359,0.000000,0.000000,1.000000,0.000000,0.000000,0.000000,0.000000,7.829349,5.138414,-0.633378
1649346613.036071,25266.000000,1649346613.035342,0.000000,0.000000,1.000000,0.000000,0.000000,0.000000,0.000000,7.830243,5.137474,-0.636687
1649346613.133377,25267.000000,1649346613.132964,0.000000,0.000000,1.000000,0.000000,0.000000,0.000000,0.000000,7.831102,5.135499,-0.643169
1649346613.235365,25268.000000,1649346613.234777,0.000000,0.000000,1.000000,0.000000,0.000000,0.000000,0.000000,7.831923,5.134732,-0.641393
1649346613.335054,25269.000000,1649346613.334283,0.000000,0.000000,1.000000,0.000000,0.000000,0.000000,0.000000,7.833796,5.135110,-0.638142
1649346613.433894,25270.000000,1649346613.433454,0.000000,0.000000,1.000000,0.000000,0.000000,0.000000,0.000000,7.835567,5.134386,-0.641543
1649346613.534741,25271.000000,1649346613.534043,0.000000,0.000000,1.000000,0.000000,0.000000,0.000000,0.000000,7.837235,5.133714,-0.644868
1649346613.633423,25272.000000,1649346613.632947,0.000000,0.000000,1.000000,0.000000,0.000000,0.000000,0.000000,7.837711,5.133092,-0.651338
1649346613.733956,25273.000000,1649346613.732820,0.000000,0.000000,1.000000,0.000000,0.000000,0.000000,0.000000,7.838150,5.131428,-0.656780
1649346613.833650,25274.000000,1649346613.832853,0.000000,0.000000,1.000000,0.000000,0.000000,0.000000,0.000000,7.838553,5.130964,-0.656387
1649346613.933335,25275.000000,1649346613.932868,0.000000,0.000000,1.000000,0.000000,0.000000,0.000000,0.000000,7.840011,5.130544,-0.660876
1649346614.033186,25276.000000,1649346614.032252,0.000000,0.000000,1.000000,0.000000,0.000000,0.000000,0.000000,7.841373,5.131257,-0.664397
1649346614.133884,25277.000000,1649346614.133559,0.000000,0.000000,1.000000,0.000000,0.000000,0.000000,0.000000,7.842641,5.130857,-0.672627
1649346614.234570,25278.000000,1649346614.233981,0.000000,0.000000,1.000000,0.000000,0.000000,0.000000,0.000000,7.843816,5.130495,-0.682137
1649346614.334072,25279.000000,1649346614.333603,0.000000,0.000000,1.000000,0.000000,0.000000,0.000000,0.000000,7.843813,5.129079,-0.691245
1649346614.436642,25280.000000,1649346614.435436,0.000000,0.000000,1.000000,0.000000,0.000000,0.000000,0.000000,7.844876,5.127761,-0.704793
1649346614.537344,25281.000000,1649346614.536786,0.000000,0.000000,1.000000,0.000000,0.000000,0.000000,0.000000,7.845855,5.125447,-0.729030
1649346614.634728,25282.000000,1649346614.633859,0.000000,0.000000,1.000000,0.000000,0.000000,0.000000,0.000000,7.846754,5.123288,-0.752197
1649346614.736577,25283.000000,1649346614.735833,0.000000,0.000000,1.000000,0.000000,0.000000,0.000000,0.000000,7.846484,5.124552,-0.733173
1649346614.834311,25284.000000,1649346614.833746,0.000000,0.000000,1.000000,0.000000,0.000000,0.000000,0.000000,7.846204,5.125775,-0.718858
1649346614.933535,25285.000000,1649346614.933023,0.000000,0.000000,1.000000,0.000000,0.000000,0.000000,0.000000,7.845914,5.125864,-0.713121
1649346615.034349,25286.000000,1649346615.033637,0.000000,0.000000,1.000000,0.000000,0.000000,0.000000,0.000000,7.844529,5.124879,-0.713210
1649346615.133426,25287.000000,1649346615.132900,0.000000,0.000000,1.000000,0.000000,0.000000,0.000000,0.000000,7.844294,5.125061,-0.715667
1649346615.235524,25288.000000,1649346615.235011,0.000000,0.000000,1.000000,0.000000,0.000000,0.000000,0.000000,7.844057,5.126345,-0.717974
1649346615.333816,25289.000000,1649346615.333458,0.000000,0.000000,1.000000,0.000000,0.000000,0.000000,0.000000,7.843821,5.127575,-0.720135
1649346615.433130,25290.000000,1649346615.432714,0.000000,0.000000,1.000000,0.000000,0.000000,0.000000,0.000000,7.844677,5.129839,-0.720543
1649346615.534425,25291.000000,1649346615.533905,0.000000,0.000000,1.000000,0.000000,0.000000,0.000000,0.000000,7.844382,5.130893,-0.723302
1649346615.632864,25292.000000,1649346615.632605,0.000000,0.000000,1.000000,0.000000,0.000000,0.000000,0.000000,7.845183,5.131889,-0.729121
1649346615.734419,25293.000000,1649346615.733747,0.000000,0.000000,1.000000,0.000000,0.000000,0.000000,0.000000,7.845926,5.131737,-0.737062
1649346615.834790,25294.000000,1649346615.834238,0.000000,0.000000,1.000000,0.000000,0.000000,0.000000,0.000000,7.845524,5.131591,-0.744610
1649346615.935042,25295.000000,1649346615.934321,0.000000,0.000000,1.000000,0.000000,0.000000,0.000000,0.000000,7.845131,5.131451,-0.750158
1649346616.033493,25296.000000,1649346616.032895,0.000000,0.000000,1.000000,0.000000,0.000000,0.000000,0.000000,7.844748,5.131317,-0.752974
1649346616.134326,25297.000000,1649346616.133700,0.000000,0.000000,1.000000,0.000000,0.000000,0.000000,0.000000,7.843287,5.131189,-0.753974
1649346616.232263,25298.000000,1649346616.232038,0.000000,0.000000,1.000000,0.000000,0.000000,0.000000,0.000000,7.842992,5.132158,-0.753234
1649346616.334662,25299.000000,1649346616.333642,0.000000,0.000000,1.000000,0.000000,0.000000,0.000000,0.000000,7.842710,5.133071,-0.754859
1649346616.433334,25300.000000,1649346616.432946,0.000000,0.000000,1.000000,0.000000,0.000000,0.000000,0.000000,7.842442,5.133928,-0.758757
1649346616.532335,25301.000000,1649346616.532123,0.000000,0.000000,1.000000,0.000000,0.000000,0.000000,0.000000,7.841098,5.133639,-0.759186
1649346616.632671,25302.000000,1649346616.632227,0.000000,0.000000,1.000000,0.000000,0.000000,0.000000,0.000000,7.840920,5.133359,-0.760322
1649346616.733737,25303.000000,1649346616.733345,0.000000,0.000000,1.000000,0.000000,0.000000,0.000000,0.000000,7.840756,5.131998,-0.775041
1649346616.835083,25304.000000,1649346616.833745,0.000000,0.000000,1.000000,0.000000,0.000000,0.000000,0.000000,7.839515,5.131800,-0.784226
1649346616.935293,25305.000000,1649346616.934423,0.000000,0.000000,1.000000,0.000000,0.000000,0.000000,0.000000,7.838350,5.132702,-0.790508
1649346617.032427,25306.000000,1649346617.032155,0.000000,0.000000,1.000000,0.000000,0.000000,0.000000,0.000000,7.837258,5.133553,-0.792385
1649346617.134133,25307.000000,1649346617.133198,0.000000,0.000000,1.000000,0.000000,0.000000,0.000000,0.000000,7.836241,5.134351,-0.786003
1649346617.233740,25308.000000,1649346617.233170,0.000000,0.000000,1.000000,0.000000,0.000000,0.000000,0.000000,7.835294,5.135098,-0.778971
1649346617.335405,25309.000000,1649346617.334886,0.000000,0.000000,1.000000,0.000000,0.000000,0.000000,0.000000,7.834418,5.137974,-0.764878
1649346617.434019,25310.000000,1649346617.433061,0.000000,0.000000,1.000000,0.000000,0.000000,0.000000,0.000000,7.834700,5.140676,-0.750489
1649346617.533926,25311.000000,1649346617.533279,0.000000,0.000000,1.000000,0.000000,0.000000,0.000000,0.000000,7.834985,5.143205,-0.739874
1649346617.633999,25312.000000,1649346617.633569,0.000000,0.000000,1.000000,0.000000,0.000000,0.000000,0.000000,7.835270,5.143383,-0.734513
1649346617.733860,25313.000000,1649346617.733290,0.000000,0.000000,1.000000,0.000000,0.000000,0.000000,0.000000,7.835553,5.143520,-0.730979
1649346617.836939,25314.000000,1649346617.835931,0.000000,0.000000,1.000000,0.000000,0.000000,0.000000,0.000000,7.834744,5.143620,-0.725172
1649346617.934501,25315.000000,1649346617.934007,0.000000,0.000000,1.000000,0.000000,0.000000,0.000000,0.000000,7.835083,5.143687,-0.735741
1649346618.039752,25316.000000,1649346618.038662,0.000000,0.000000,1.000000,0.000000,0.000000,0.000000,0.000000,7.835416,5.142632,-0.737008
1649346618.133247,25317.000000,1649346618.132775,0.000000,0.000000,1.000000,0.000000,0.000000,0.000000,0.000000,7.835742,5.141613,-0.745475
1649346618.233056,25318.000000,1649346618.232378,0.000000,0.000000,1.000000,0.000000,0.000000,0.000000,0.000000,7.837149,5.139542,-0.755193
1649346618.336626,25319.000000,1649346618.335036,0.000000,0.000000,1.000000,0.000000,0.000000,0.000000,0.000000,7.837393,5.137574,-0.774160
1649346618.435398,25320.000000,1649346618.434852,0.000000,0.000000,1.000000,0.000000,0.000000,0.000000,0.000000,7.837627,5.136800,-0.786649
1649346618.532461,25321.000000,1649346618.532138,0.000000,0.000000,1.000000,0.000000,0.000000,0.000000,0.000000,7.836761,5.136067,-0.788872
1649346618.632589,25322.000000,1649346618.632278,0.000000,0.000000,1.000000,0.000000,0.000000,0.000000,0.000000,7.837036,5.135377,-0.789307
1649346618.733863,25323.000000,1649346618.733209,0.000000,0.000000,1.000000,0.000000,0.000000,0.000000,0.000000,7.838391,5.134728,-0.792867
1649346618.835517,25324.000000,1649346618.834818,0.000000,0.000000,1.000000,0.000000,0.000000,0.000000,0.000000,7.838580,5.134119,-0.792972
1649346618.932545,25325.000000,1649346618.932216,0.000000,0.000000,1.000000,0.000000,0.000000,0.000000,0.000000,7.838758,5.133552,-0.791378
1649346619.033122,25326.000000,1649346619.032575,0.000000,0.000000,1.000000,0.000000,0.000000,0.000000,0.000000,7.838924,5.134114,-0.788966
1649346619.132474,25327.000000,1649346619.132232,0.000000,0.000000,1.000000,0.000000,0.000000,0.000000,0.000000,7.839079,5.134652,-0.787389
1649346619.235154,25328.000000,1649346619.234606,0.000000,0.000000,1.000000,0.000000,0.000000,0.000000,0.000000,7.839223,5.134074,-0.783393
1649346619.333389,25329.000000,1649346619.333075,0.000000,0.000000,1.000000,0.000000,0.000000,0.000000,0.000000,7.839356,5.133534,-0.781117
1649346619.433011,25330.000000,1649346619.432687,0.000000,0.000000,1.000000,0.000000,0.000000,0.000000,0.000000,7.839478,5.134121,-0.781305
1649346619.533740,25331.000000,1649346619.533234,0.000000,0.000000,1.000000,0.000000,0.000000,0.000000,0.000000,7.839591,5.134681,-0.781439
1649346619.633439,25332.000000,1649346619.633128,0.000000,0.000000,1.000000,0.000000,0.000000,0.000000,0.000000,7.840784,5.134123,-0.785556
1649346619.733072,25333.000000,1649346619.732759,0.000000,0.000000,1.000000,0.000000,0.000000,0.000000,0.000000,7.839724,5.133600,-0.787844
1649346619.833065,25334.000000,1649346619.832746,0.000000,0.000000,1.000000,0.000000,0.000000,0.000000,0.000000,7.838719,5.132020,-0.789183
1649346619.935516,25335.000000,1649346619.934717,0.000000,0.000000,1.000000,0.000000,0.000000,0.000000,0.000000,7.837768,5.131628,-0.787998
1649346620.034142,25336.000000,1649346620.033559,0.000000,0.000000,1.000000,0.000000,0.000000,0.000000,0.000000,7.837963,5.132359,-0.788426
1649346620.134061,25337.000000,1649346620.133485,0.000000,0.000000,1.000000,0.000000,0.000000,0.000000,0.000000,7.837058,5.133058,-0.780726
1649346620.232986,25338.000000,1649346620.232485,0.000000,0.000000,1.000000,0.000000,0.000000,0.000000,0.000000,7.837299,5.133725,-0.773306
1649346620.341434,25339.000000,1649346620.339903,0.000000,0.000000,1.000000,0.000000,0.000000,0.000000,0.000000,7.837530,5.134358,-0.765361
1649346620.436277,25340.000000,1649346620.435800,0.000000,0.000000,1.000000,0.000000,0.000000,0.000000,0.000000,7.837751,5.134958,-0.751282
1649346620.536646,25341.000000,1649346620.535923,0.000000,0.000000,1.000000,0.000000,0.000000,0.000000,0.000000,7.837963,5.135524,-0.742631
1649346620.635984,25342.000000,1649346620.635090,0.000000,0.000000,1.000000,0.000000,0.000000,0.000000,0.000000,7.837074,5.137147,-0.727912
1649346620.732898,25343.000000,1649346620.732492,0.000000,0.000000,1.000000,0.000000,0.000000,0.000000,0.000000,7.836237,5.137583,-0.718683
1649346620.834861,25344.000000,1649346620.833981,0.000000,0.000000,1.000000,0.000000,0.000000,0.000000,0.000000,7.835452,5.136897,-0.708285
1649346620.933387,25345.000000,1649346620.932771,0.000000,0.000000,1.000000,0.000000,0.000000,0.000000,0.000000,7.834719,5.136242,-0.699198
1649346621.032786,25346.000000,1649346621.032352,0.000000,0.000000,1.000000,0.000000,0.000000,0.000000,0.000000,7.834036,5.135619,-0.705899
1649346621.135619,25347.000000,1649346621.134555,0.000000,0.000000,1.000000,0.000000,0.000000,0.000000,0.000000,7.833401,5.135029,-0.714025
1649346621.233002,25348.000000,1649346621.232661,0.000000,0.000000,1.000000,0.000000,0.000000,0.000000,0.000000,7.832815,5.134472,-0.721889
1649346621.334089,25349.000000,1649346621.333519,0.000000,0.000000,1.000000,0.000000,0.000000,0.000000,0.000000,7.832275,5.133947,-0.726259
1649346621.433803,25350.000000,1649346621.433013,0.000000,0.000000,1.000000,0.000000,0.000000,0.000000,0.000000,7.831779,5.132364,-0.726461
1649346621.536506,25351.000000,1649346621.535118,0.000000,0.000000,1.000000,0.000000,0.000000,0.000000,0.000000,7.831327,5.131966,-0.724273
1649346621.634543,25352.000000,1649346621.634002,0.000000,0.000000,1.000000,0.000000,0.000000,0.000000,0.000000,7.830915,5.131600,-0.718181
1649346621.733910,25353.000000,1649346621.733333,0.000000,0.000000,1.000000,0.000000,0.000000,0.000000,0.000000,7.831633,5.132353,-0.711576
1649346621.835342,25354.000000,1649346621.834640,0.000000,0.000000,1.000000,0.000000,0.000000,0.000000,0.000000,7.831235,5.133073,-0.708521
1649346621.933460,25355.000000,1649346621.932746,0.000000,0.000000,1.000000,0.000000,0.000000,0.000000,0.000000,7.831962,5.133758,-0.704843
1649346622.033347,25356.000000,1649346622.032449,0.000000,0.000000,1.000000,0.000000,0.000000,0.000000,0.000000,7.831571,5.133317,-0.715894
1649346622.133457,25357.000000,1649346622.133126,0.000000,0.000000,1.000000,0.000000,0.000000,0.000000,0.000000,7.831213,5.132903,-0.722510
1649346622.237841,25358.000000,1649346622.236203,0.000000,0.000000,1.000000,0.000000,0.000000,0.000000,0.000000,7.830886,5.131425,-0.732921
1649346622.339819,25359.000000,1649346622.339184,0.000000,0.000000,1.000000,0.000000,0.000000,0.000000,0.000000,7.830589,5.128947,-0.745343
1649346622.432618,25360.000000,1649346622.432213,0.000000,0.000000,1.000000,0.000000,0.000000,0.000000,0.000000,7.830320,5.127710,-0.754834
1649346622.532500,25361.000000,1649346622.532161,0.000000,0.000000,1.000000,0.000000,0.000000,0.000000,0.000000,7.831170,5.127649,-0.757464
1649346622.635154,25362.000000,1649346622.633708,0.000000,0.000000,1.000000,0.000000,0.000000,0.000000,0.000000,7.830891,5.127610,-0.755120
1649346622.733402,25363.000000,1649346622.733204,0.000000,0.000000,1.000000,0.000000,0.000000,0.000000,0.000000,7.830638,5.128681,-0.748814
1649346622.836424,25364.000000,1649346622.835701,0.000000,0.000000,1.000000,0.000000,0.000000,0.000000,0.000000,7.831499,5.129706,-0.750007
1649346622.932881,25365.000000,1649346622.932471,0.000000,0.000000,1.000000,0.000000,0.000000,0.000000,0.000000,7.831229,5.130684,-0.747912
1649346623.036289,25366.000000,1649346623.035819,0.000000,0.000000,1.000000,0.000000,0.000000,0.000000,0.000000,7.830980,5.130524,-0.745085
1649346623.135130,25367.000000,1649346623.133960,0.000000,0.000000,1.000000,0.000000,0.000000,0.000000,0.000000,7.831843,5.129288,-0.743980
1649346623.233506,25368.000000,1649346623.232888,0.000000,0.000000,1.000000,0.000000,0.000000,0.000000,0.000000,7.832663,5.128127,-0.743723
1649346623.334535,25369.000000,1649346623.334072,0.000000,0.000000,1.000000,0.000000,0.000000,0.000000,0.000000,7.832350,5.127043,-0.745087
1649346623.433211,25370.000000,1649346623.433009,0.000000,0.000000,1.000000,0.000000,0.000000,0.000000,0.000000,7.833146,5.127122,-0.743166
1649346623.534664,25371.000000,1649346623.534016,0.000000,0.000000,1.000000,0.000000,0.000000,0.000000,0.000000,7.832808,5.127211,-0.738902
1649346623.635224,25372.000000,1649346623.634609,0.000000,0.000000,1.000000,0.000000,0.000000,0.000000,0.000000,7.833580,5.127308,-0.738041
1649346623.735072,25373.000000,1649346623.733926,0.000000,0.000000,1.000000,0.000000,0.000000,0.000000,0.000000,7.835398,5.127411,-0.738836
1649346623.834640,25374.000000,1649346623.834088,0.000000,0.000000,1.000000,0.000000,0.000000,0.000000,0.000000,7.837110,5.126429,-0.753314
1649346623.937556,25375.000000,1649346623.935978,0.000000,0.000000,1.000000,0.000000,0.000000,0.000000,0.000000,7.838717,5.125514,-0.762351
1649346624.033435,25376.000000,1649346624.033125,0.000000,0.000000,1.000000,0.000000,0.000000,0.000000,0.000000,7.839129,5.125754,-0.762120
1649346624.133330,25377.000000,1649346624.132759,0.000000,0.000000,1.000000,0.000000,0.000000,0.000000,0.000000,7.839501,5.127085,-0.757027
1649346624.235108,25378.000000,1649346624.234353,0.000000,0.000000,1.000000,0.000000,0.000000,0.000000,0.000000,7.838746,5.128352,-0.753730
1649346624.333301,25379.000000,1649346624.332960,0.000000,0.000000,1.000000,0.000000,0.000000,0.000000,0.000000,7.838018,5.128464,-0.744100
1649346624.432337,25380.000000,1649346624.432041,0.000000,0.000000,1.000000,0.000000,0.000000,0.000000,0.000000,7.838409,5.128573,-0.738085
1649346624.535406,25381.000000,1649346624.534902,0.000000,0.000000,1.000000,0.000000,0.000000,0.000000,0.000000,7.839858,5.127589,-0.739582
1649346624.634073,25382.000000,1649346624.633624,0.000000,0.000000,1.000000,0.000000,0.000000,0.000000,0.000000,7.841213,5.126665,-0.745867
1649346624.732402,25383.000000,1649346624.732185,0.000000,0.000000,1.000000,0.000000,0.000000,0.000000,0.000000,7.842475,5.125799,-0.749477
1649346624.835864,25384.000000,1649346624.834850,0.000000,0.000000,1.000000,0.000000,0.000000,0.000000,0.000000,7.842557,5.126082,-0.748901
1649346624.933711,25385.000000,1649346624.933172,0.000000,0.000000,1.000000,0.000000,0.000000,0.000000,0.000000,7.842613,5.127449,-0.749147
1649346625.034592,25386.000000,1649346625.033974,0.000000,0.000000,1.000000,0.000000,0.000000,0.000000,0.000000,7.842648,5.128746,-0.743731
1649346625.135728,25387.000000,1649346625.134634,0.000000,0.000000,1.000000,0.000000,0.000000,0.000000,0.000000,7.842661,5.129972,-0.740149
1649346625.234648,25388.000000,1649346625.233411,0.000000,0.000000,1.000000,0.000000,0.000000,0.000000,0.000000,7.842657,5.131127,-0.739946
1649346625.332665,25389.000000,1649346625.332332,0.000000,0.000000,1.000000,0.000000,0.000000,0.000000,0.000000,7.842636,5.131122,-0.741372
1649346625.433920,25390.000000,1649346625.433575,0.000000,0.000000,1.000000,0.000000,0.000000,0.000000,0.000000,7.843691,5.131111,-0.746779
1649346625.532573,25391.000000,1649346625.532283,0.000000,0.000000,1.000000,0.000000,0.000000,0.000000,0.000000,7.844671,5.130003,-0.751157
1649346625.637897,25392.000000,1649346625.636665,0.000000,0.000000,1.000000,0.000000,0.000000,0.000000,0.000000,7.844487,5.128954,-0.755348
1649346625.733996,25393.000000,1649346625.733462,0.000000,0.000000,1.000000,0.000000,0.000000,0.000000,0.000000,7.844295,5.129052,-0.752900
1649346625.832934,25394.000000,1649346625.832659,0.000000,0.000000,1.000000,0.000000,0.000000,0.000000,0.000000,7.844097,5.128056,-0.753764
1649346625.937677,25395.000000,1649346625.936489,0.000000,0.000000,1.000000,0.000000,0.000000,0.000000,0.000000,7.842805,5.127118,-0.752161
1649346626.035822,25396.000000,1649346626.035063,0.000000,0.000000,1.000000,0.000000,0.000000,0.000000,0.000000,7.841572,5.126237,-0.747385
1649346626.135643,25397.000000,1649346626.134539,0.000000,0.000000,1.000000,0.000000,0.000000,0.000000,0.000000,7.840402,5.125412,-0.758123
1649346626.233533,25398.000000,1649346626.233131,0.000000,0.000000,1.000000,0.000000,0.000000,0.000000,0.000000,7.839293,5.123554,-0.766796
1649346626.335196,25399.000000,1649346626.334535,0.000000,0.000000,1.000000,0.000000,0.000000,0.000000,0.000000,7.838247,5.122903,-0.770246
1649346626.432267,25400.000000,1649346626.432043,0.000000,0.000000,1.000000,0.000000,0.000000,0.000000,0.000000,7.838353,5.122305,-0.774325
1649346626.536018,25401.000000,1649346626.535093,0.000000,0.000000,1.000000,0.000000,0.000000,0.000000,0.000000,7.838459,5.123938,-0.778196
1649346626.632913,25402.000000,1649346626.632507,0.000000,0.000000,1.000000,0.000000,0.000000,0.000000,0.000000,7.838562,5.125494,-0.781056
1649346626.735084,25403.000000,1649346626.734610,0.000000,0.000000,1.000000,0.000000,0.000000,0.000000,0.000000,7.838663,5.126972,-0.780524
1649346626.834981,25404.000000,1649346626.833941,0.000000,0.000000,1.000000,0.000000,0.000000,0.000000,0.000000,7.839852,5.127280,-0.783191
1649346626.935502,25405.000000,1649346626.934850,0.000000,0.000000,1.000000,0.000000,0.000000,0.000000,0.000000,7.840975,5.127572,-0.787313
1649346627.033617,25406.000000,1649346627.033175,0.000000,0.000000,1.000000,0.000000,0.000000,0.000000,0.000000,7.842033,5.128938,-0.787181
1649346627.132863,25407.000000,1649346627.132588,0.000000,0.000000,1.000000,0.000000,0.000000,0.000000,0.000000,7.841935,5.130224,-0.779744
1649346627.233423,25408.000000,1649346627.232934,0.000000,0.000000,1.000000,0.000000,0.000000,0.000000,0.000000,7.841835,5.131432,-0.766116
1649346627.335599,25409.000000,1649346627.334811,0.000000,0.000000,1.000000,0.000000,0.000000,0.000000,0.000000,7.842825,5.132561,-0.758670
1649346627.433734,25410.000000,1649346627.433221,0.000000,0.000000,1.000000,0.000000,0.000000,0.000000,0.000000,7.842662,5.133615,-0.750717
1649346627.533303,25411.000000,1649346627.532926,0.000000,0.000000,1.000000,0.000000,0.000000,0.000000,0.000000,7.842500,5.135684,-0.738259
1649346627.636564,25412.000000,1649346627.636126,0.000000,0.000000,1.000000,0.000000,0.000000,0.000000,0.000000,7.842340,5.136527,-0.730369
1649346627.735878,25413.000000,1649346627.734868,0.000000,0.000000,1.000000,0.000000,0.000000,0.000000,0.000000,7.842183,5.137300,-0.723650
1649346627.833813,25414.000000,1649346627.833076,0.000000,0.000000,1.000000,0.000000,0.000000,0.000000,0.000000,7.840938,5.138006,-0.717256
1649346627.934973,25415.000000,1649346627.934291,0.000000,0.000000,1.000000,0.000000,0.000000,0.000000,0.000000,7.839761,5.138648,-0.712798
1649346628.034072,25416.000000,1649346628.033334,0.000000,0.000000,1.000000,0.000000,0.000000,0.000000,0.000000,7.839741,5.138137,-0.709394
1649346628.135670,25417.000000,1649346628.134804,0.000000,0.000000,1.000000,0.000000,0.000000,0.000000,0.000000,7.838634,5.137631,-0.711844
1649346628.233060,25418.000000,1649346628.232657,0.000000,0.000000,1.000000,0.000000,0.000000,0.000000,0.000000,7.838684,5.138223,-0.717485
1649346628.336075,25419.000000,1649346628.335247,0.000000,0.000000,1.000000,0.000000,0.000000,0.000000,0.000000,7.838737,5.138761,-0.723758
1649346628.433831,25420.000000,1649346628.433276,0.000000,0.000000,1.000000,0.000000,0.000000,0.000000,0.000000,7.838792,5.139249,-0.728204
1649346628.534235,25421.000000,1649346628.533895,0.000000,0.000000,1.000000,0.000000,0.000000,0.000000,0.000000,7.838849,5.139687,-0.729275
1649346628.633400,25422.000000,1649346628.632739,0.000000,0.000000,1.000000,0.000000,0.000000,0.000000,0.000000,7.839997,5.138990,-0.735976
1649346628.733307,25423.000000,1649346628.732873,0.000000,0.000000,1.000000,0.000000,0.000000,0.000000,0.000000,7.839992,5.137222,-0.744033
1649346628.834208,25424.000000,1649346628.833710,0.000000,0.000000,1.000000,0.000000,0.000000,0.000000,0.000000,7.839988,5.135538,-0.749347
1649346628.932956,25425.000000,1649346628.932508,0.000000,0.000000,1.000000,0.000000,0.000000,0.000000,0.000000,7.839985,5.133940,-0.761696
1649346629.033085,25426.000000,1649346629.032575,0.000000,0.000000,1.000000,0.000000,0.000000,0.000000,0.000000,7.838891,5.132429,-0.770293
1649346629.134859,25427.000000,1649346629.133819,0.000000,0.000000,1.000000,0.000000,0.000000,0.000000,0.000000,7.837861,5.129913,-0.789790
1649346629.233428,25428.000000,1649346629.232957,0.000000,0.000000,1.000000,0.000000,0.000000,0.000000,0.000000,7.836894,5.127547,-0.801976
1649346629.334488,25429.000000,1649346629.333938,0.000000,0.000000,1.000000,0.000000,0.000000,0.000000,0.000000,7.833808,5.126419,-0.803095
1649346629.432620,25430.000000,1649346629.432242,0.000000,0.000000,1.000000,0.000000,0.000000,0.000000,0.000000,7.830909,5.126463,-0.799242
1649346629.536109,25431.000000,1649346629.535733,0.000000,0.000000,1.000000,0.000000,0.000000,0.000000,0.000000,7.829285,5.125435,-0.801109
1649346629.635866,25432.000000,1649346629.635120,0.000000,0.000000,1.000000,0.000000,0.000000,0.000000,0.000000,7.828869,5.125575,-0.800402
1649346629.734916,25433.000000,1649346629.734632,0.000000,0.000000,1.000000,0.000000,0.000000,0.000000,0.000000,7.828506,5.124637,-0.802876
1649346629.835614,25434.000000,1649346629.833861,0.000000,0.000000,1.000000,0.000000,0.000000,0.000000,0.000000,7.828192,5.125953,-0.800335
1649346629.933060,25435.000000,1649346629.932691,0.000000,0.000000,1.000000,0.000000,0.000000,0.000000,0.000000,7.829015,5.127214,-0.794603
1649346630.032538,25436.000000,1649346630.032236,0.000000,0.000000,1.000000,0.000000,0.000000,0.000000,0.000000,7.830907,5.128418,-0.795498
1649346630.132453,25437.000000,1649346630.132209,0.000000,0.000000,1.000000,0.000000,0.000000,0.000000,0.000000,7.832712,5.129564,-0.798721
1649346630.232952,25438.000000,1649346630.232565,0.000000,0.000000,1.000000,0.000000,0.000000,0.000000,0.000000,7.833340,5.130650,-0.794499
1649346630.335521,25439.000000,1649346630.334808,0.000000,0.000000,1.000000,0.000000,0.000000,0.000000,0.000000,7.833940,5.130586,-0.797656
1649346630.432564,25440.000000,1649346630.432263,0.000000,0.000000,1.000000,0.000000,0.000000,0.000000,0.000000,7.834514,5.130526,-0.798215
1649346630.536867,25441.000000,1649346630.535783,0.000000,0.000000,1.000000,0.000000,0.000000,0.000000,0.000000,7.835059,5.129378,-0.797895
1649346630.638155,25442.000000,1649346630.636893,0.000000,0.000000,1.000000,0.000000,0.000000,0.000000,0.000000,7.835576,5.129387,-0.791895
1649346630.734690,25443.000000,1649346630.733554,0.000000,0.000000,1.000000,0.000000,0.000000,0.000000,0.000000,7.836065,5.129399,-0.786101
1649346630.836971,25444.000000,1649346630.835948,0.000000,0.000000,1.000000,0.000000,0.000000,0.000000,0.000000,7.835435,5.129413,-0.784549
1649346630.934668,25445.000000,1649346630.932016,0.000000,0.000000,1.000000,0.000000,0.000000,0.000000,0.000000,7.835929,5.129430,-0.783845
1649346631.033306,25446.000000,1649346631.032820,0.000000,0.000000,1.000000,0.000000,0.000000,0.000000,0.000000,7.837486,5.128358,-0.783150
1649346631.134487,25447.000000,1649346631.134082,0.000000,0.000000,1.000000,0.000000,0.000000,0.000000,0.000000,7.838951,5.128440,-0.778435
1649346631.232517,25448.000000,1649346631.232049,0.000000,0.000000,1.000000,0.000000,0.000000,0.000000,0.000000,7.840327,5.129614,-0.775515
1649346631.335614,25449.000000,1649346631.334946,0.000000,0.000000,1.000000,0.000000,0.000000,0.000000,0.000000,7.840523,5.130725,-0.772711
1649346631.433442,25450.000000,1649346631.433098,0.000000,0.000000,1.000000,0.000000,0.000000,0.000000,0.000000,7.840694,5.131773,-0.770021
1649346631.533389,25451.000000,1649346631.532724,0.000000,0.000000,1.000000,0.000000,0.000000,0.000000,0.000000,7.840842,5.131669,-0.769060
1649346631.633746,25452.000000,1649346631.633219,0.000000,0.000000,1.000000,0.000000,0.000000,0.000000,0.000000,7.839878,5.132656,-0.762500
1649346631.733956,25453.000000,1649346631.733490,0.000000,0.000000,1.000000,0.000000,0.000000,0.000000,0.000000,7.840048,5.134671,-0.755417
1649346631.833565,25454.000000,1649346631.832987,0.000000,0.000000,1.000000,0.000000,0.000000,0.000000,0.000000,7.840199,5.136564,-0.747036
1649346631.932451,25455.000000,1649346631.932149,0.000000,0.000000,1.000000,0.000000,0.000000,0.000000,0.000000,7.841422,5.138334,-0.742262
1649346632.034375,25456.000000,1649346632.033611,0.000000,0.000000,1.000000,0.000000,0.000000,0.000000,0.000000,7.842566,5.139985,-0.737730
1649346632.133804,25457.000000,1649346632.133170,0.000000,0.000000,1.000000,0.000000,0.000000,0.000000,0.000000,7.842542,5.140429,-0.735855
1649346632.236575,25458.000000,1649346632.235798,0.000000,0.000000,1.000000,0.000000,0.000000,0.000000,0.000000,7.842505,5.140821,-0.722015
1649346632.336576,25459.000000,1649346632.335948,0.000000,0.000000,1.000000,0.000000,0.000000,0.000000,0.000000,7.842455,5.141166,-0.711228
1649346632.432760,25460.000000,1649346632.432331,0.000000,0.000000,1.000000,0.000000,0.000000,0.000000,0.000000,7.842396,5.139285,-0.709839
1649346632.533774,25461.000000,1649346632.533397,0.000000,0.000000,1.000000,0.000000,0.000000,0.000000,0.000000,7.842328,5.137487,-0.709404
1649346632.634739,25462.000000,1649346632.633909,0.000000,0.000000,1.000000,0.000000,0.000000,0.000000,0.000000,7.841162,5.135776,-0.696169
1649346632.735409,25463.000000,1649346632.734590,0.000000,0.000000,1.000000,0.000000,0.000000,0.000000,0.000000,7.838963,5.134152,-0.688414
1649346632.833881,25464.000000,1649346632.833439,0.000000,0.000000,1.000000,0.000000,0.000000,0.000000,0.000000,7.836885,5.133706,-0.679472
1649346632.933719,25465.000000,1649346632.933298,0.000000,0.000000,1.000000,0.000000,0.000000,0.000000,0.000000,7.834926,5.133286,-0.677468
1649346633.032696,25466.000000,1649346633.032375,0.000000,0.000000,1.000000,0.000000,0.000000,0.000000,0.000000,7.834178,5.131800,-0.686958
1649346633.134026,25467.000000,1649346633.133369,0.000000,0.000000,1.000000,0.000000,0.000000,0.000000,0.000000,7.834576,5.130402,-0.696168
1649346633.232620,25468.000000,1649346633.232309,0.000000,0.000000,1.000000,0.000000,0.000000,0.000000,0.000000,7.836054,5.129091,-0.705089
1649346633.333361,25469.000000,1649346633.332888,0.000000,0.000000,1.000000,0.000000,0.000000,0.000000,0.000000,7.837459,5.127866,-0.717746
1649346633.434241,25470.000000,1649346633.433778,0.000000,0.000000,1.000000,0.000000,0.000000,0.000000,0.000000,7.838790,5.126725,-0.723481
1649346633.533142,25471.000000,1649346633.532853,0.000000,0.000000,1.000000,0.000000,0.000000,0.000000,0.000000,7.838956,5.125666,-0.731432
1649346633.633052,25472.000000,1649346633.632820,0.000000,0.000000,1.000000,0.000000,0.000000,0.000000,0.000000,7.838020,5.125777,-0.731818
1649346633.736242,25473.000000,1649346633.735068,0.000000,0.000000,1.000000,0.000000,0.000000,0.000000,0.000000,7.836045,5.126993,-0.726555
1649346633.834422,25474.000000,1649346633.833927,0.000000,0.000000,1.000000,0.000000,0.000000,0.000000,0.000000,7.836365,5.127068,-0.727977
1649346633.933505,25475.000000,1649346633.933141,0.000000,0.000000,1.000000,0.000000,0.000000,0.000000,0.000000,7.836674,5.128244,-0.730165
1649346634.033855,25476.000000,1649346634.033017,0.000000,0.000000,1.000000,0.000000,0.000000,0.000000,0.000000,7.835879,5.129365,-0.735504
1649346634.133958,25477.000000,1649346634.132965,0.000000,0.000000,1.000000,0.000000,0.000000,0.000000,0.000000,7.835134,5.129341,-0.733373
1649346634.234430,25478.000000,1649346634.233556,0.000000,0.000000,1.000000,0.000000,0.000000,0.000000,0.000000,7.835528,5.128233,-0.735366
1649346634.332930,25479.000000,1649346634.332566,0.000000,0.000000,1.000000,0.000000,0.000000,0.000000,0.000000,7.835907,5.127194,-0.739702
1649346634.434238,25480.000000,1649346634.433322,0.000000,0.000000,1.000000,0.000000,0.000000,0.000000,0.000000,7.836271,5.127313,-0.743052
1649346634.535521,25481.000000,1649346634.534583,0.000000,0.000000,1.000000,0.000000,0.000000,0.000000,0.000000,7.836619,5.126346,-0.745451
1649346634.633451,25482.000000,1649346634.633126,0.000000,0.000000,1.000000,0.000000,0.000000,0.000000,0.000000,7.836950,5.124354,-0.750158
1649346634.735436,25483.000000,1649346634.734678,0.000000,0.000000,1.000000,0.000000,0.000000,0.000000,0.000000,7.837264,5.124670,-0.744172
1649346634.832877,25484.000000,1649346634.832582,0.000000,0.000000,1.000000,0.000000,0.000000,0.000000,0.000000,7.838651,5.123894,-0.745674
1649346634.934849,25485.000000,1649346634.934447,0.000000,0.000000,1.000000,0.000000,0.000000,0.000000,0.000000,7.838868,5.124269,-0.745491
1649346635.033502,25486.000000,1649346635.032571,0.000000,0.000000,1.000000,0.000000,0.000000,0.000000,0.000000,7.837978,5.124639,-0.740466
1649346635.133545,25487.000000,1649346635.133080,0.000000,0.000000,1.000000,0.000000,0.000000,0.000000,0.000000,7.838226,5.125003,-0.734028
1649346635.233646,25488.000000,1649346635.232848,0.000000,0.000000,1.000000,0.000000,0.000000,0.000000,0.000000,7.838457,5.126449,-0.723019
1649346635.334149,25489.000000,1649346635.333597,0.000000,0.000000,1.000000,0.000000,0.000000,0.000000,0.000000,7.839764,5.126731,-0.718933
1649346635.434059,25490.000000,1649346635.433409,0.000000,0.000000,1.000000,0.000000,0.000000,0.000000,0.000000,7.839902,5.128094,-0.711012
1649346635.532458,25491.000000,1649346635.532122,0.000000,0.000000,1.000000,0.000000,0.000000,0.000000,0.000000,7.840025,5.128293,-0.702649
1649346635.634640,25492.000000,1649346635.634318,0.000000,0.000000,1.000000,0.000000,0.000000,0.000000,0.000000,7.839045,5.127391,-0.701938
1649346635.733974,25493.000000,1649346635.733416,0.000000,0.000000,1.000000,0.000000,0.000000,0.000000,0.000000,7.839205,5.126540,-0.703732
1649346635.834627,25494.000000,1649346635.834100,0.000000,0.000000,1.000000,0.000000,0.000000,0.000000,0.000000,7.839352,5.126832,-0.702277
1649346635.934334,25495.000000,1649346635.933876,0.000000,0.000000,1.000000,0.000000,0.000000,0.000000,0.000000,7.839488,5.128202,-0.700933
1649346636.033750,25496.000000,1649346636.033170,0.000000,0.000000,1.000000,0.000000,0.000000,0.000000,0.000000,7.839612,5.129497,-0.695661
1649346636.134891,25497.000000,1649346636.133886,0.000000,0.000000,1.000000,0.000000,0.000000,0.000000,0.000000,7.839725,5.130717,-0.685821
1649346636.235031,25498.000000,1649346636.234302,0.000000,0.000000,1.000000,0.000000,0.000000,0.000000,0.000000,7.840917,5.131862,-0.685321
1649346636.334810,25499.000000,1649346636.334302,0.000000,0.000000,1.000000,0.000000,0.000000,0.000000,0.000000,7.840947,5.131843,-0.688136
1649346636.435998,25500.000000,1649346636.434720,0.000000,0.000000,1.000000,0.000000,0.000000,0.000000,0.000000,7.840967,5.132905,-0.689288
1649346636.534068,25501.000000,1649346636.533299,0.000000,0.000000,1.000000,0.000000,0.000000,0.000000,0.000000,7.840979,5.132805,-0.695289
1649346636.636167,25502.000000,1649346636.635365,0.000000,0.000000,1.000000,0.000000,0.000000,0.000000,0.000000,7.840983,5.132699,-0.700287
1649346636.732802,25503.000000,1649346636.732445,0.000000,0.000000,1.000000,0.000000,0.000000,0.000000,0.000000,7.840981,5.133678,-0.699473
1649346636.834469,25504.000000,1649346636.834152,0.000000,0.000000,1.000000,0.000000,0.000000,0.000000,0.000000,7.840973,5.134589,-0.699533
1649346636.935512,25505.000000,1649346636.934952,0.000000,0.000000,1.000000,0.000000,0.000000,0.000000,0.000000,7.840960,5.135436,-0.699624
1649346637.033362,25506.000000,1649346637.032769,0.000000,0.000000,1.000000,0.000000,0.000000,0.000000,0.000000,7.842032,5.136218,-0.700549
1649346637.134633,25507.000000,1649346637.133840,0.000000,0.000000,1.000000,0.000000,0.000000,0.000000,0.000000,7.843038,5.136940,-0.701465
1649346637.232459,25508.000000,1649346637.232245,0.000000,0.000000,1.000000,0.000000,0.000000,0.000000,0.000000,7.843978,5.136511,-0.701564
1649346637.336454,25509.000000,1649346637.335922,0.000000,0.000000,1.000000,0.000000,0.000000,0.000000,0.000000,7.843762,5.136088,-0.705716
1649346637.433862,25510.000000,1649346637.433175,0.000000,0.000000,1.000000,0.000000,0.000000,0.000000,0.000000,7.843547,5.136764,-0.704072
1649346637.532452,25511.000000,1649346637.532130,0.000000,0.000000,1.000000,0.000000,0.000000,0.000000,0.000000,7.843333,5.137386,-0.707351
1649346637.633536,25512.000000,1649346637.633193,0.000000,0.000000,1.000000,0.000000,0.000000,0.000000,0.000000,7.843121,5.137957,-0.704865
1649346637.736059,25513.000000,1649346637.734636,0.000000,0.000000,1.000000,0.000000,0.000000,0.000000,0.000000,7.842913,5.137388,-0.708948
1649346637.832941,25514.000000,1649346637.832475,0.000000,0.000000,1.000000,0.000000,0.000000,0.000000,0.000000,7.842709,5.136834,-0.712874
1649346637.933642,25515.000000,1649346637.933114,0.000000,0.000000,1.000000,0.000000,0.000000,0.000000,0.000000,7.842510,5.137388,-0.685997
1649346638.033457,25516.000000,1649346638.032893,0.000000,0.000000,1.000000,0.000000,0.000000,0.000000,0.000000,7.841227,5.137899,-0.658638
1649346638.133594,25517.000000,1649346638.133235,0.000000,0.000000,1.000000,0.000000,0.000000,0.000000,0.000000,7.840013,5.138366,-0.654248
1649346638.235774,25518.000000,1649346638.235085,0.000000,0.000000,1.000000,0.000000,0.000000,0.000000,0.000000,7.838868,5.138794,-0.651742
1649346638.333332,25519.000000,1649346638.332994,0.000000,0.000000,1.000000,0.000000,0.000000,0.000000,0.000000,7.837792,5.139182,-0.648626
1649346638.434230,25520.000000,1649346638.433867,0.000000,0.000000,1.000000,0.000000,0.000000,0.000000,0.000000,7.837875,5.140623,-0.645732
1649346638.536549,25521.000000,1649346638.535329,0.000000,0.000000,1.000000,0.000000,0.000000,0.000000,0.000000,7.837963,5.140876,-0.643858
1649346638.634343,25522.000000,1649346638.633858,0.000000,0.000000,1.000000,0.000000,0.000000,0.000000,0.000000,7.839144,5.141096,-0.644576
1649346638.734634,25523.000000,1649346638.733482,0.000000,0.000000,1.000000,0.000000,0.000000,0.000000,0.000000,7.839174,5.142375,-0.640517
1649346638.834034,25524.000000,1649346638.833425,0.000000,0.000000,1.000000,0.000000,0.000000,0.000000,0.000000,7.838116,5.142472,-0.637522
1649346638.934188,25525.000000,1649346638.933365,0.000000,0.000000,1.000000,0.000000,0.000000,0.000000,0.000000,7.838212,5.142543,-0.633937
1649346639.033916,25526.000000,1649346639.033289,0.000000,0.000000,1.000000,0.000000,0.000000,0.000000,0.000000,7.838309,5.141500,-0.638658
1649346639.132840,25527.000000,1649346639.132433,0.000000,0.000000,1.000000,0.000000,0.000000,0.000000,0.000000,7.838406,5.140499,-0.644081
1649346639.235335,25528.000000,1649346639.234162,0.000000,0.000000,1.000000,0.000000,0.000000,0.000000,0.000000,7.837412,5.140631,-0.650164
1649346639.334380,25529.000000,1649346639.333689,0.000000,0.000000,1.000000,0.000000,0.000000,0.000000,0.000000,7.837571,5.139654,-0.663319
1649346639.432513,25530.000000,1649346639.432049,0.000000,0.000000,1.000000,0.000000,0.000000,0.000000,0.000000,7.837727,5.138723,-0.675172
1649346639.536270,25531.000000,1649346639.535203,0.000000,0.000000,1.000000,0.000000,0.000000,0.000000,0.000000,7.836790,5.137838,-0.683334
1649346639.634827,25532.000000,1649346639.634403,0.000000,0.000000,1.000000,0.000000,0.000000,0.000000,0.000000,7.834823,5.138092,-0.690360
1649346639.736533,25533.000000,1649346639.735731,0.000000,0.000000,1.000000,0.000000,0.000000,0.000000,0.000000,7.834067,5.138329,-0.697088
1649346639.832863,25534.000000,1649346639.832567,0.000000,0.000000,1.000000,0.000000,0.000000,0.000000,0.000000,7.833367,5.138551,-0.701908
1649346639.938062,25535.000000,1649346639.937300,0.000000,0.000000,1.000000,0.000000,0.000000,0.000000,0.000000,7.832723,5.137668,-0.709729
1649346640.035140,25536.000000,1649346640.034211,0.000000,0.000000,1.000000,0.000000,0.000000,0.000000,0.000000,7.832132,5.136832,-0.707513
1649346640.133751,25537.000000,1649346640.133188,0.000000,0.000000,1.000000,0.000000,0.000000,0.000000,0.000000,7.832682,5.136045,-0.706962
1649346640.232973,25538.000000,1649346640.232404,0.000000,0.000000,1.000000,0.000000,0.000000,0.000000,0.000000,7.833219,5.135306,-0.710430
1649346640.338407,25539.000000,1649346640.337518,0.000000,0.000000,1.000000,0.000000,0.000000,0.000000,0.000000,7.833739,5.134614,-0.712105
1649346640.436195,25540.000000,1649346640.435570,0.000000,0.000000,1.000000,0.000000,0.000000,0.000000,0.000000,7.835333,5.132877,-0.720931
1649346640.533855,25541.000000,1649346640.533258,0.000000,0.000000,1.000000,0.000000,0.000000,0.000000,0.000000,7.835755,5.132340,-0.722895
1649346640.634176,25542.000000,1649346640.633546,0.000000,0.000000,1.000000,0.000000,0.000000,0.000000,0.000000,7.836157,5.131846,-0.728757
1649346640.732423,25543.000000,1649346640.732218,0.000000,0.000000,1.000000,0.000000,0.000000,0.000000,0.000000,7.836540,5.131395,-0.730287
1649346640.833883,25544.000000,1649346640.833328,0.000000,0.000000,1.000000,0.000000,0.000000,0.000000,0.000000,7.835812,5.132074,-0.730081
1649346640.932770,25545.000000,1649346640.932339,0.000000,0.000000,1.000000,0.000000,0.000000,0.000000,0.000000,7.836218,5.132730,-0.730629
1649346641.033603,25546.000000,1649346641.033112,0.000000,0.000000,1.000000,0.000000,0.000000,0.000000,0.000000,7.836603,5.132269,-0.734323
1649346641.134384,25547.000000,1649346641.133549,0.000000,0.000000,1.000000,0.000000,0.000000,0.000000,0.000000,7.838058,5.130754,-0.742645
1649346641.232883,25548.000000,1649346641.232549,0.000000,0.000000,1.000000,0.000000,0.000000,0.000000,0.000000,7.838339,5.130426,-0.747332
1649346641.334674,25549.000000,1649346641.334031,0.000000,0.000000,1.000000,0.000000,0.000000,0.000000,0.000000,7.838600,5.130132,-0.751752
1649346641.433613,25550.000000,1649346641.433153,0.000000,0.000000,1.000000,0.000000,0.000000,0.000000,0.000000,7.839931,5.129869,-0.769620
1649346641.533020,25551.000000,1649346641.532621,0.000000,0.000000,1.000000,0.000000,0.000000,0.000000,0.000000,7.841181,5.129635,-0.781015
1649346641.634015,25552.000000,1649346641.633413,0.000000,0.000000,1.000000,0.000000,0.000000,0.000000,0.000000,7.842350,5.130520,-0.784567
1649346641.733466,25553.000000,1649346641.732870,0.000000,0.000000,1.000000,0.000000,0.000000,0.000000,0.000000,7.842349,5.130277,-0.787045
1649346641.833897,25554.000000,1649346641.833481,0.000000,0.000000,1.000000,0.000000,0.000000,0.000000,0.000000,7.843424,5.130059,-0.791719
1649346641.933743,25555.000000,1649346641.933122,0.000000,0.000000,1.000000,0.000000,0.000000,0.000000,0.000000,7.843333,5.129865,-0.791239
1649346642.034474,25556.000000,1649346642.034047,0.000000,0.000000,1.000000,0.000000,0.000000,0.000000,0.000000,7.843231,5.129692,-0.794691
1649346642.134428,25557.000000,1649346642.133752,0.000000,0.000000,1.000000,0.000000,0.000000,0.000000,0.000000,7.844210,5.129541,-0.809978
1649346642.233704,25558.000000,1649346642.233035,0.000000,0.000000,1.000000,0.000000,0.000000,0.000000,0.000000,7.845118,5.128318,-0.825315
1649346642.335817,25559.000000,1649346642.334892,0.000000,0.000000,1.000000,0.000000,0.000000,0.000000,0.000000,7.845959,5.127176,-0.839064
1649346642.432931,25560.000000,1649346642.432460,0.000000,0.000000,1.000000,0.000000,0.000000,0.000000,0.000000,7.847823,5.126114,-0.848855
1649346642.534041,25561.000000,1649346642.533593,0.000000,0.000000,1.000000,0.000000,0.000000,0.000000,0.000000,7.849561,5.125129,-0.858870
1649346642.634092,25562.000000,1649346642.633621,0.000000,0.000000,1.000000,0.000000,0.000000,0.000000,0.000000,7.850084,5.125310,-0.862639
1649346642.733839,25563.000000,1649346642.733483,0.000000,0.000000,1.000000,0.000000,0.000000,0.000000,0.000000,7.851641,5.126590,-0.861223
1649346642.833820,25564.000000,1649346642.833474,0.000000,0.000000,1.000000,0.000000,0.000000,0.000000,0.000000,7.853080,5.127816,-0.862099
1649346642.932648,25565.000000,1649346642.932341,0.000000,0.000000,1.000000,0.000000,0.000000,0.000000,0.000000,7.853316,5.128984,-0.857116
1649346643.035667,25566.000000,1649346643.034488,0.000000,0.000000,1.000000,0.000000,0.000000,0.000000,0.000000,7.853505,5.130095,-0.852172
1649346643.133691,25567.000000,1649346643.133365,0.000000,0.000000,1.000000,0.000000,0.000000,0.000000,0.000000,7.852560,5.131146,-0.844055
1649346643.233330,25568.000000,1649346643.232693,0.000000,0.000000,1.000000,0.000000,0.000000,0.000000,0.000000,7.850550,5.133230,-0.831299
1649346643.332878,25569.000000,1649346643.332493,0.000000,0.000000,1.000000,0.000000,0.000000,0.000000,0.000000,7.849720,5.134101,-0.822989
1649346643.432888,25570.000000,1649346643.432604,0.000000,0.000000,1.000000,0.000000,0.000000,0.000000,0.000000,7.847828,5.134914,-0.818965
1649346643.534760,25571.000000,1649346643.534009,0.000000,0.000000,1.000000,0.000000,0.000000,0.000000,0.000000,7.846031,5.134580,-0.818258
1649346643.633857,25572.000000,1649346643.633379,0.000000,0.000000,1.000000,0.000000,0.000000,0.000000,0.000000,7.844329,5.135344,-0.808640
1649346643.732996,25573.000000,1649346643.732765,0.000000,0.000000,1.000000,0.000000,0.000000,0.000000,0.000000,7.843813,5.136054,-0.800976
1649346643.833114,25574.000000,1649346643.832653,0.000000,0.000000,1.000000,0.000000,0.000000,0.000000,0.000000,7.844419,5.136712,-0.798425
1649346643.934258,25575.000000,1649346643.933310,0.000000,0.000000,1.000000,0.000000,0.000000,0.000000,0.000000,7.844994,5.137318,-0.790305
1649346644.033407,25576.000000,1649346644.032668,0.000000,0.000000,1.000000,0.000000,0.000000,0.000000,0.000000,7.845538,5.137876,-0.780887
1649346644.132487,25577.000000,1649346644.132156,0.000000,0.000000,1.000000,0.000000,0.000000,0.000000,0.000000,7.844961,5.138386,-0.771852
1649346644.233381,25578.000000,1649346644.232902,0.000000,0.000000,1.000000,0.000000,0.000000,0.000000,0.000000,7.843325,5.137760,-0.768040
1649346644.336528,25579.000000,1649346644.335732,0.000000,0.000000,1.000000,0.000000,0.000000,0.000000,0.000000,7.841783,5.137153,-0.765212
1649346644.432443,25580.000000,1649346644.432201,0.000000,0.000000,1.000000,0.000000,0.000000,0.000000,0.000000,7.840335,5.136568,-0.759302
1649346644.534390,25581.000000,1649346644.533645,0.000000,0.000000,1.000000,0.000000,0.000000,0.000000,0.000000,7.838981,5.136005,-0.752860
1649346644.633343,25582.000000,1649346644.632731,0.000000,0.000000,1.000000,0.000000,0.000000,0.000000,0.000000,7.838807,5.135465,-0.746725
1649346644.735807,25583.000000,1649346644.734805,0.000000,0.000000,1.000000,0.000000,0.000000,0.000000,0.000000,7.838661,5.136041,-0.736053
1649346644.833201,25584.000000,1649346644.832571,0.000000,0.000000,1.000000,0.000000,0.000000,0.000000,0.000000,7.837448,5.136579,-0.719431
1649346644.933599,25585.000000,1649346644.932989,0.000000,0.000000,1.000000,0.000000,0.000000,0.000000,0.000000,7.837411,5.137079,-0.710027
1649346645.034479,25586.000000,1649346645.033944,0.000000,0.000000,1.000000,0.000000,0.000000,0.000000,0.000000,7.836304,5.136453,-0.705142
1649346645.134609,25587.000000,1649346645.133968,0.000000,0.000000,1.000000,0.000000,0.000000,0.000000,0.000000,7.836368,5.135855,-0.695727
1649346645.238652,25588.000000,1649346645.237885,0.000000,0.000000,1.000000,0.000000,0.000000,0.000000,0.000000,7.837539,5.136375,-0.683589
1649346645.332306,25589.000000,1649346645.332065,0.000000,0.000000,1.000000,0.000000,0.000000,0.000000,0.000000,7.838660,5.136862,-0.673692
1649346645.432997,25590.000000,1649346645.432532,0.000000,0.000000,1.000000,0.000000,0.000000,0.000000,0.000000,7.838640,5.136224,-0.671601
1649346645.532372,25591.000000,1649346645.532117,0.000000,0.000000,1.000000,0.000000,0.000000,0.000000,0.000000,7.839721,5.136708,-0.672160
1649346645.634775,25592.000000,1649346645.633467,0.000000,0.000000,1.000000,0.000000,0.000000,0.000000,0.000000,7.840749,5.134979,-0.676869
1649346645.733341,25593.000000,1649346645.732773,0.000000,0.000000,1.000000,0.000000,0.000000,0.000000,0.000000,7.841723,5.134434,-0.675062
1649346645.833374,25594.000000,1649346645.832751,0.000000,0.000000,1.000000,0.000000,0.000000,0.000000,0.000000,7.842643,5.133921,-0.675064
1649346645.932665,25595.000000,1649346645.932200,0.000000,0.000000,1.000000,0.000000,0.000000,0.000000,0.000000,7.842419,5.133439,-0.678410
1649346646.035963,25596.000000,1649346646.035093,0.000000,0.000000,1.000000,0.000000,0.000000,0.000000,0.000000,7.842204,5.132988,-0.680923
1649346646.134793,25597.000000,1649346646.134212,0.000000,0.000000,1.000000,0.000000,0.000000,0.000000,0.000000,7.841998,5.132568,-0.679401
1649346646.236219,25598.000000,1649346646.235657,0.000000,0.000000,1.000000,0.000000,0.000000,0.000000,0.000000,7.841802,5.132177,-0.676425
1649346646.336737,25599.000000,1649346646.335563,0.000000,0.000000,1.000000,0.000000,0.000000,0.000000,0.000000,7.841616,5.131815,-0.672861
1649346646.436265,25600.000000,1649346646.435895,0.000000,0.000000,1.000000,0.000000,0.000000,0.000000,0.000000,7.842531,5.131481,-0.671153
1649346646.537551,25601.000000,1649346646.536220,0.000000,0.000000,1.000000,0.000000,0.000000,0.000000,0.000000,7.841212,5.131174,-0.665581
1649346646.635821,25602.000000,1649346646.634784,0.000000,0.000000,1.000000,0.000000,0.000000,0.000000,0.000000,7.842148,5.129803,-0.665983
1649346646.734264,25603.000000,1649346646.733570,0.000000,0.000000,1.000000,0.000000,0.000000,0.000000,0.000000,7.843030,5.129610,-0.665661
1649346646.834595,25604.000000,1649346646.833852,0.000000,0.000000,1.000000,0.000000,0.000000,0.000000,0.000000,7.843861,5.129441,-0.666254
1649346646.933976,25605.000000,1649346646.933321,0.000000,0.000000,1.000000,0.000000,0.000000,0.000000,0.000000,7.844639,5.130383,-0.664494
1649346647.033894,25606.000000,1649346647.033247,0.000000,0.000000,1.000000,0.000000,0.000000,0.000000,0.000000,7.845366,5.131284,-0.662089
1649346647.134166,25607.000000,1649346647.133482,0.000000,0.000000,1.000000,0.000000,0.000000,0.000000,0.000000,7.843863,5.133232,-0.654225
1649346647.233092,25608.000000,1649346647.232619,0.000000,0.000000,1.000000,0.000000,0.000000,0.000000,0.000000,7.843526,5.135073,-0.649197
1649346647.334099,25609.000000,1649346647.333490,0.000000,0.000000,1.000000,0.000000,0.000000,0.000000,0.000000,7.842114,5.135716,-0.646895
1649346647.432513,25610.000000,1649346647.432254,0.000000,0.000000,1.000000,0.000000,0.000000,0.000000,0.000000,7.841869,5.136317,-0.648015
1649346647.534164,25611.000000,1649346647.532927,0.000000,0.000000,1.000000,0.000000,0.000000,0.000000,0.000000,7.840549,5.136875,-0.650799
1649346647.632846,25612.000000,1649346647.632590,0.000000,0.000000,1.000000,0.000000,0.000000,0.000000,0.000000,7.839307,5.136301,-0.655980
1649346647.734000,25613.000000,1649346647.733518,0.000000,0.000000,1.000000,0.000000,0.000000,0.000000,0.000000,7.838142,5.135751,-0.653769
1649346647.833803,25614.000000,1649346647.833369,0.000000,0.000000,1.000000,0.000000,0.000000,0.000000,0.000000,7.838143,5.135224,-0.659788
1649346647.932717,25615.000000,1649346647.932359,0.000000,0.000000,1.000000,0.000000,0.000000,0.000000,0.000000,7.838155,5.133631,-0.680144
1649346648.032471,25616.000000,1649346648.032206,0.000000,0.000000,1.000000,0.000000,0.000000,0.000000,0.000000,7.838178,5.132127,-0.696480
1649346648.132905,25617.000000,1649346648.132184,0.000000,0.000000,1.000000,0.000000,0.000000,0.000000,0.000000,7.838210,5.130710,-0.713767
1649346648.232472,25618.000000,1649346648.232169,0.000000,0.000000,1.000000,0.000000,0.000000,0.000000,0.000000,7.839339,5.129380,-0.726292
1649346648.333443,25619.000000,1649346648.333038,0.000000,0.000000,1.000000,0.000000,0.000000,0.000000,0.000000,7.839323,5.128136,-0.734229
1649346648.432610,25620.000000,1649346648.432255,0.000000,0.000000,1.000000,0.000000,0.000000,0.000000,0.000000,7.839312,5.128067,-0.738557
1649346648.532453,25621.000000,1649346648.532185,0.000000,0.000000,1.000000,0.000000,0.000000,0.000000,0.000000,7.839307,5.129108,-0.738610
1649346648.634212,25622.000000,1649346648.633922,0.000000,0.000000,1.000000,0.000000,0.000000,0.000000,0.000000,7.839307,5.129014,-0.738595
1649346648.734272,25623.000000,1649346648.733733,0.000000,0.000000,1.000000,0.000000,0.000000,0.000000,0.000000,7.839311,5.128936,-0.737713
1649346648.833003,25624.000000,1649346648.832462,0.000000,0.000000,1.000000,0.000000,0.000000,0.000000,0.000000,7.839319,5.128873,-0.736807
1649346648.934927,25625.000000,1649346648.934427,0.000000,0.000000,1.000000,0.000000,0.000000,0.000000,0.000000,7.839331,5.129915,-0.706045
1649346649.033179,25626.000000,1649346649.032795,0.000000,0.000000,1.000000,0.000000,0.000000,0.000000,0.000000,7.840436,5.130907,-0.699104
1649346649.134039,25627.000000,1649346649.133537,0.000000,0.000000,1.000000,0.000000,0.000000,0.000000,0.000000,7.841480,5.131847,-0.683583
1649346649.233499,25628.000000,1649346649.232962,0.000000,0.000000,1.000000,0.000000,0.000000,0.000000,0.000000,7.841374,5.131646,-0.667919
1649346649.335580,25629.000000,1649346649.335093,0.000000,0.000000,1.000000,0.000000,0.000000,0.000000,0.000000,7.841271,5.131457,-0.661820
1649346649.433637,25630.000000,1649346649.433058,0.000000,0.000000,1.000000,0.000000,0.000000,0.000000,0.000000,7.841171,5.130189,-0.661682
1649346649.535462,25631.000000,1649346649.534866,0.000000,0.000000,1.000000,0.000000,0.000000,0.000000,0.000000,7.842165,5.128994,-0.671295
1649346649.632293,25632.000000,1649346649.632064,0.000000,0.000000,1.000000,0.000000,0.000000,0.000000,0.000000,7.843100,5.128964,-0.682182
1649346649.733243,25633.000000,1649346649.732835,0.000000,0.000000,1.000000,0.000000,0.000000,0.000000,0.000000,7.845067,5.128944,-0.687013
1649346649.834252,25634.000000,1649346649.833619,0.000000,0.000000,1.000000,0.000000,0.000000,0.000000,0.000000,7.846913,5.128932,-0.695700
1649346649.934418,25635.000000,1649346649.933824,0.000000,0.000000,1.000000,0.000000,0.000000,0.000000,0.000000,7.848640,5.130019,-0.700814
1649346650.034349,25636.000000,1649346650.033738,0.000000,0.000000,1.000000,0.000000,0.000000,0.000000,0.000000,7.850251,5.131050,-0.704911
1649346650.137698,25637.000000,1649346650.134625,0.000000,0.000000,1.000000,0.000000,0.000000,0.000000,0.000000,7.851747,5.130935,-0.714474
1649346650.234230,25638.000000,1649346650.233657,0.000000,0.000000,1.000000,0.000000,0.000000,0.000000,0.000000,7.852042,5.130826,-0.721205
1649346650.332803,25639.000000,1649346650.332224,0.000000,0.000000,1.000000,0.000000,0.000000,0.000000,0.000000,7.852291,5.130724,-0.721175
1649346650.435732,25640.000000,1649346650.434724,0.000000,0.000000,1.000000,0.000000,0.000000,0.000000,0.000000,7.852499,5.130629,-0.724335
1649346650.536514,25641.000000,1649346650.535066,0.000000,0.000000,1.000000,0.000000,0.000000,0.000000,0.000000,7.851578,5.132721,-0.720069
1649346650.635483,25642.000000,1649346650.634921,0.000000,0.000000,1.000000,0.000000,0.000000,0.000000,0.000000,7.850685,5.133603,-0.717556
1649346650.735305,25643.000000,1649346650.733833,0.000000,0.000000,1.000000,0.000000,0.000000,0.000000,0.000000,7.849822,5.134429,-0.715119
1649346650.834560,25644.000000,1649346650.833791,0.000000,0.000000,1.000000,0.000000,0.000000,0.000000,0.000000,7.847901,5.135200,-0.710340
1649346650.932611,25645.000000,1649346650.932241,0.000000,0.000000,1.000000,0.000000,0.000000,0.000000,0.000000,7.846077,5.135917,-0.708967
1649346651.035548,25646.000000,1649346651.034372,0.000000,0.000000,1.000000,0.000000,0.000000,0.000000,0.000000,7.844350,5.136582,-0.706835
1649346651.133232,25647.000000,1649346651.132583,0.000000,0.000000,1.000000,0.000000,0.000000,0.000000,0.000000,7.842721,5.137196,-0.699945
1649346651.233721,25648.000000,1649346651.233224,0.000000,0.000000,1.000000,0.000000,0.000000,0.000000,0.000000,7.841190,5.137760,-0.691726
1649346651.333773,25649.000000,1649346651.333009,0.000000,0.000000,1.000000,0.000000,0.000000,0.000000,0.000000,7.839756,5.138277,-0.687892
1649346651.433851,25650.000000,1649346651.433072,0.000000,0.000000,1.000000,0.000000,0.000000,0.000000,0.000000,7.837326,5.138749,-0.685045
1649346651.532126,25651.000000,1649346651.531807,0.000000,0.000000,1.000000,0.000000,0.000000,0.000000,0.000000,7.835052,5.139177,-0.682342
1649346651.633291,25652.000000,1649346651.633068,0.000000,0.000000,1.000000,0.000000,0.000000,0.000000,0.000000,7.831841,5.140653,-0.681395
1649346651.733114,25653.000000,1649346651.732734,0.000000,0.000000,1.000000,0.000000,0.000000,0.000000,0.000000,7.829933,5.140938,-0.684551
1649346651.835625,25654.000000,1649346651.834731,0.000000,0.000000,1.000000,0.000000,0.000000,0.000000,0.000000,7.828170,5.141185,-0.691640
1649346651.935274,25655.000000,1649346651.934464,0.000000,0.000000,1.000000,0.000000,0.000000,0.000000,0.000000,7.827639,5.141398,-0.693617
1649346652.033422,25656.000000,1649346652.033174,0.000000,0.000000,1.000000,0.000000,0.000000,0.000000,0.000000,7.827180,5.141579,-0.696331
1649346652.134829,25657.000000,1649346652.134149,0.000000,0.000000,1.000000,0.000000,0.000000,0.000000,0.000000,7.827880,5.140640,-0.703779
1649346652.232847,25658.000000,1649346652.232555,0.000000,0.000000,1.000000,0.000000,0.000000,0.000000,0.000000,7.827489,5.139736,-0.706887
1649346652.339597,25659.000000,1649346652.338248,0.000000,0.000000,1.000000,0.000000,0.000000,0.000000,0.000000,7.827157,5.137779,-0.723565
1649346652.436522,25660.000000,1649346652.435148,0.000000,0.000000,1.000000,0.000000,0.000000,0.000000,0.000000,7.827969,5.135924,-0.737918
1649346652.537860,25661.000000,1649346652.537131,0.000000,0.000000,1.000000,0.000000,0.000000,0.000000,0.000000,7.828768,5.135261,-0.745984
1649346652.636627,25662.000000,1649346652.635694,0.000000,0.000000,1.000000,0.000000,0.000000,0.000000,0.000000,7.829551,5.134637,-0.752843
1649346652.734578,25663.000000,1649346652.733916,0.000000,0.000000,1.000000,0.000000,0.000000,0.000000,0.000000,7.830314,5.132962,-0.761763
1649346652.833709,25664.000000,1649346652.833363,0.000000,0.000000,1.000000,0.000000,0.000000,0.000000,0.000000,7.831055,5.132478,-0.767003
1649346652.934781,25665.000000,1649346652.934031,0.000000,0.000000,1.000000,0.000000,0.000000,0.000000,0.000000,7.832862,5.130941,-0.769512
1649346653.033068,25666.000000,1649346653.032671,0.000000,0.000000,1.000000,0.000000,0.000000,0.000000,0.000000,7.834579,5.130594,-0.759724
1649346653.134981,25667.000000,1649346653.134360,0.000000,0.000000,1.000000,0.000000,0.000000,0.000000,0.000000,7.835116,5.131370,-0.751058
1649346653.233967,25668.000000,1649346653.233542,0.000000,0.000000,1.000000,0.000000,0.000000,0.000000,0.000000,7.835626,5.132117,-0.745907
1649346653.334269,25669.000000,1649346653.333475,0.000000,0.000000,1.000000,0.000000,0.000000,0.000000,0.000000,7.836107,5.132831,-0.728817
1649346653.433550,25670.000000,1649346653.433132,0.000000,0.000000,1.000000,0.000000,0.000000,0.000000,0.000000,7.835470,5.133513,-0.712397
1649346653.533558,25671.000000,1649346653.533163,0.000000,0.000000,1.000000,0.000000,0.000000,0.000000,0.000000,7.834868,5.135252,-0.698262
1649346653.632440,25672.000000,1649346653.632122,0.000000,0.000000,1.000000,0.000000,0.000000,0.000000,0.000000,7.835391,5.134713,-0.694408
1649346653.736089,25673.000000,1649346653.735195,0.000000,0.000000,1.000000,0.000000,0.000000,0.000000,0.000000,7.835886,5.135293,-0.685103
1649346653.833553,25674.000000,1649346653.832850,0.000000,0.000000,1.000000,0.000000,0.000000,0.000000,0.000000,7.836353,5.135840,-0.680258
1649346653.932687,25675.000000,1649346653.932285,0.000000,0.000000,1.000000,0.000000,0.000000,0.000000,0.000000,7.836792,5.137444,-0.670022
1649346654.035879,25676.000000,1649346654.035361,0.000000,0.000000,1.000000,0.000000,0.000000,0.000000,0.000000,7.838294,5.138952,-0.661079
1649346654.134395,25677.000000,1649346654.133416,0.000000,0.000000,1.000000,0.000000,0.000000,0.000000,0.000000,7.839706,5.139275,-0.661453
1649346654.232480,25678.000000,1649346654.232096,0.000000,0.000000,1.000000,0.000000,0.000000,0.000000,0.000000,7.841029,5.138476,-0.667540
1649346654.336288,25679.000000,1649346654.335657,0.000000,0.000000,1.000000,0.000000,0.000000,0.000000,0.000000,7.840083,5.137712,-0.666997
1649346654.433219,25680.000000,1649346654.432668,0.000000,0.000000,1.000000,0.000000,0.000000,0.000000,0.000000,7.839176,5.136982,-0.667348
1649346654.533569,25681.000000,1649346654.532859,0.000000,0.000000,1.000000,0.000000,0.000000,0.000000,0.000000,7.839402,5.136288,-0.672587
1649346654.638412,25682.000000,1649346654.636998,0.000000,0.000000,1.000000,0.000000,0.000000,0.000000,0.000000,7.840696,5.135630,-0.678472
1649346654.732740,25683.000000,1649346654.732392,0.000000,0.000000,1.000000,0.000000,0.000000,0.000000,0.000000,7.841909,5.135008,-0.685772
1649346654.841976,25684.000000,1649346654.839739,0.000000,0.000000,1.000000,0.000000,0.000000,0.000000,0.000000,7.843039,5.134423,-0.691996
1649346654.936667,25685.000000,1649346654.936115,0.000000,0.000000,1.000000,0.000000,0.000000,0.000000,0.000000,7.843000,5.134964,-0.695563
1649346655.032852,25686.000000,1649346655.032501,0.000000,0.000000,1.000000,0.000000,0.000000,0.000000,0.000000,7.842947,5.135477,-0.698187
1649346655.135162,25687.000000,1649346655.133956,0.000000,0.000000,1.000000,0.000000,0.000000,0.000000,0.000000,7.842880,5.135963,-0.702320
1649346655.233923,25688.000000,1649346655.232742,0.000000,0.000000,1.000000,0.000000,0.000000,0.000000,0.000000,7.842803,5.137512,-0.703861
1649346655.334797,25689.000000,1649346655.333852,0.000000,0.000000,1.000000,0.000000,0.000000,0.000000,0.000000,7.842717,5.136790,-0.719850
1649346655.435511,25690.000000,1649346655.434696,0.000000,0.000000,1.000000,0.000000,0.000000,0.000000,0.000000,7.842623,5.136104,-0.733546
1649346655.534099,25691.000000,1649346655.533677,0.000000,0.000000,1.000000,0.000000,0.000000,0.000000,0.000000,7.841432,5.135454,-0.737764
1649346655.635856,25692.000000,1649346655.635150,0.000000,0.000000,1.000000,0.000000,0.000000,0.000000,0.000000,7.841390,5.133751,-0.755461
1649346655.735797,25693.000000,1649346655.734248,0.000000,0.000000,1.000000,0.000000,0.000000,0.000000,0.000000,7.841343,5.133237,-0.765904
1649346655.835535,25694.000000,1649346655.834138,0.000000,0.000000,1.000000,0.000000,0.000000,0.000000,0.000000,7.842383,5.132758,-0.775824
1649346655.934271,25695.000000,1649346655.933686,0.000000,0.000000,1.000000,0.000000,0.000000,0.000000,0.000000,7.843358,5.132315,-0.782810
1649346656.034155,25696.000000,1649346656.033764,0.000000,0.000000,1.000000,0.000000,0.000000,0.000000,0.000000,7.844269,5.130815,-0.791812
1649346656.132901,25697.000000,1649346656.132444,0.000000,0.000000,1.000000,0.000000,0.000000,0.000000,0.000000,7.844026,5.130500,-0.800319
1649346656.236635,25698.000000,1649346656.235574,0.000000,0.000000,1.000000,0.000000,0.000000,0.000000,0.000000,7.843784,5.129127,-0.809956
1649346656.333351,25699.000000,1649346656.332981,0.000000,0.000000,1.000000,0.000000,0.000000,0.000000,0.000000,7.842454,5.128936,-0.812601
1649346656.432260,25700.000000,1649346656.432010,0.000000,0.000000,1.000000,0.000000,0.000000,0.000000,0.000000,7.841191,5.127683,-0.814183
1649346656.532423,25701.000000,1649346656.532168,0.000000,0.000000,1.000000,0.000000,0.000000,0.000000,0.000000,7.841085,5.126517,-0.817976
1649346656.633967,25702.000000,1649346656.633508,0.000000,0.000000,1.000000,0.000000,0.000000,0.000000,0.000000,7.840984,5.123257,-0.826308
1649346656.737618,25703.000000,1649346656.736520,0.000000,0.000000,1.000000,0.000000,0.000000,0.000000,0.000000,7.840888,5.121297,-0.831731
1649346656.833529,25704.000000,1649346656.833112,0.000000,0.000000,1.000000,0.000000,0.000000,0.000000,0.000000,7.841888,5.120569,-0.833552
1649346656.933364,25705.000000,1649346656.932698,0.000000,0.000000,1.000000,0.000000,0.000000,0.000000,0.000000,7.841739,5.121008,-0.831921
1649346657.032459,25706.000000,1649346657.032140,0.000000,0.000000,1.000000,0.000000,0.000000,0.000000,0.000000,7.840505,5.122546,-0.824567
1649346657.133431,25707.000000,1649346657.133160,0.000000,0.000000,1.000000,0.000000,0.000000,0.000000,0.000000,7.839339,5.122935,-0.817383
1649346657.233429,25708.000000,1649346657.232981,0.000000,0.000000,1.000000,0.000000,0.000000,0.000000,0.000000,7.838242,5.123327,-0.815219
1649346657.332892,25709.000000,1649346657.332480,0.000000,0.000000,1.000000,0.000000,0.000000,0.000000,0.000000,7.837212,5.123718,-0.813043
1649346657.433254,25710.000000,1649346657.432902,0.000000,0.000000,1.000000,0.000000,0.000000,0.000000,0.000000,7.836249,5.123015,-0.824572
1649346657.533947,25711.000000,1649346657.533174,0.000000,0.000000,1.000000,0.000000,0.000000,0.000000,0.000000,7.835352,5.123460,-0.831497
1649346657.632641,25712.000000,1649346657.632306,0.000000,0.000000,1.000000,0.000000,0.000000,0.000000,0.000000,7.834519,5.124989,-0.829156
1649346657.734576,25713.000000,1649346657.733557,0.000000,0.000000,1.000000,0.000000,0.000000,0.000000,0.000000,7.834839,5.127535,-0.824385
